category,task_id,note
PASS_DELTA,img2-0124,Accepted after Kevin receipt and Book recheck
PASS_DELTA,img2-0126,Accepted after Kevin receipt and Book recheck
PASS_DELTA,img2-0186,Accepted after Kevin receipt and Book recheck
PASS_DELTA,img2-0188,Accepted after Kevin receipt and Book recheck
PASS_DELTA,img2-0189,Accepted after Kevin receipt and Book recheck
RETRY_DELTA,img2-0125,Focused retry sent; awaiting receipt
RETRY_DELTA,img2-0182,Focused retry sent; awaiting receipt
RETRY_DELTA,img2-0187,Focused retry sent; awaiting receipt
AWAITING_DELTA,img2-0190,Awaiting first Kevin receipt
